REGION;COUNTRY;REPORTYEAR;POPULATION;TOTAL Actual DD;Actual DBD;Actual DCD;Total Utilized DD;Utilized DBD;Utilized DCD;DD Kidney Tx;LD Kidney Tx;TOTAL Kidney Tx;DD Liver Tx;DOMINO Liver Tx;LD Liver Tx;TOTAL Liver TX;Total Heart TX;DD Lung Tx;LD Lung Tx;TOTAL Lung Tx;Pancreas Tx;Kidney Pancreas Tx;Small Bowel Tx
Europe;Austria;2020;9;213;188;25;188;173;15;291;44;335;150;0;8;158;59;100;0;100;20;17;0
Europe;Belgium;2020;11,6;249;144;105;245;142;103;326;37;363;214;0;21;235;54;93;0;93;9;7;2
Europe;Bulgaria;2020;6,9;4;4;0;4;4;0;2;6;8;2;0;5;7;1;0;0;0;0;0;0
Europe;Croatia;2020;4,1;104;104;0;97;97;0;95;3;98;94;0;1;95;25;0;0;0;1;1;0
Europe;Denmark;2020;5,8;124;124;0;121;121;0;200;78;278;63;0;3;66;33;29;0;29;7;7;0
Europe;Estonia;2020;1,3;33;33;0;33;33;0;43;4;47;12;0;0;12;;0;0;0;6;5;
Europe;Finland;2020;5,5;126;126;0;121;121;0;232;31;263;75;0;0;75;22;21;0;21;26;25;1
Europe;Germany;2020;83,8;913;913;0;887;887;0;1459;450;1909;774;0;52;826;339;344;0;344;92;80;8
Europe;Hungary;2020;9,7;111;111;0;108;108;0;172;30;202;50;0;0;50;45;17;0;17;6;6;0
Europe;Latvia;2020;1,9;21;21;0;20;20;0;38;3;41;2;0;0;2;2;0;0;0;0;0;0
Europe;Lithuania;2020;2,7;49;45;4;49;45;4;79;3;82;14;0;0;14;10;1;0;1;;;
Europe;Luxembourg;2020;0,6;3;3;0;3;3;0;;;;;;;;;;;;;;
Europe;Malta;2020;0,4;2;2;0;2;2;0;4;0;4;1;0;0;1;0;1;0;1;0;0;0
Europe;Netherlands;2020;17,1;255;100;155;251;100;151;442;367;809;162;;24;186;41;87;0;87;29;21;0
Europe;Slovenia;2020;2,1;47;47;0;39;39;0;46;1;47;25;0;0;25;24;16;0;16;2;2;0
Europe;Sweden;2020;10,1;181;170;11;174;163;11;313;116;429;171;1;0;172;54;51;0;51;13;10;0
Europe;United Kingdom;2020;67,9;1248;814;434;1180;780;400;2009;558;2567;801;0;22;823;179;99;0;99;116;97;17
Europe;Spain;2020;46,8;1777;1156;621;1581;1035;546;2443;259;2702;1023;0;11;1034;278;336;0;336;73;63;4
Europe;Armenia;2020;3;0;0;0;0;0;0;0;10;10;0;0;1;1;0;0;0;0;0;0;0
Europe;Georgia;2020;4;0;0;0;0;0;0;0;17;17;0;0;10;10;0;0;0;0;0;0;0
Europe;Iceland;2020;0,3;4;4;0;4;4;0;3;7;10;0;0;0;0;0;0;0;0;0;0;0
Europe;Israel;2020;8,7;92;83;9;89;82;7;124;273;397;72;0;13;85;20;34;;34;4;4;
Europe;Republic of North Macedonia;2020;2,1;2;2;0;2;2;0;4;8;12;0;0;0;0;1;0;0;0;0;0;0
Europe;Norway;2020;5,4;102;102;0;101;101;0;181;59;240;88;0;0;88;30;28;0;28;6;5;
America;United States of America;2020;331;12588;9364;3224;11578;8896;2682;18410;5234;23644;8415;5;486;8906;3716;2597;0;2597;962;827;91
America;Costa Rica;2020;5,1;27;27;0;26;26;0;33;8;41;14;0;1;15;2;3;0;3;0;0;0
America;Dominican Republic;2020;10,8;4;4;0;4;4;0;8;20;28;1;0;0;1;0;0;0;0;1;1;0
America;Paraguay;2020;7,1;6;6;0;6;6;0;1;3;4;0;0;0;0;5;0;0;0;0;0;0
Europe;Belarus;2020;9,4;201;201;0;192;192;0;315;1;316;79;0;7;86;53;10;0;10;2;2;0
Europe;Ukraine;2020;43,7;11;11;0;11;11;0;20;79;99;4;0;17;21;10;0;0;0;1;1;0
Europe;Italy;2020;60,5;1303;1240;63;1235;1182;53;1623;284;1907;1182;1;19;1202;238;115;0;115;41;33;0
Europe;Poland;2020;37,8;393;393;0;387;387;0;720;31;751;263;0;28;291;145;51;0;51;4;3;0
Europe;Portugal;2020;10,2;253;242;11;236;226;10;353;41;394;189;3;1;193;33;33;;33;27;27;0
Europe;Republic of Moldova;2020;4;2;2;0;1;1;0;2;1;3;1;0;1;2;0;;;;;;
America;Argentina;2020;45,2;444;444;0;413;413;0;724;130;854;286;0;30;316;94;21;0;21;48;45;1
America;Panama;2020;4,3;3;3;0;3;3;0;6;7;13;3;0;0;3;0;0;0;0;0;0;0
America;Uruguay;2020;3,5;63;63;0;63;63;0;112;8;120;27;0;1;28;11;4;0;4;0;0;0
Europe;Czech Republic;2020;10,7;249;241;8;226;220;6;415;28;443;172;0;0;172;72;35;0;35;37;31;1
America;Mexico;2020;128,9;152;152;0;150;150;0;283;630;913;62;0;10;72;9;4;0;0;0;0;0
Europe;France;2020;65,3;1512;1355;157;1474;1322;152;2205;390;2595;1112;1;15;1128;378;291;0;291;34;30;3
Europe;Cyprus;2020;1,2;5;5;0;5;5;0;5;8;13;;;;;;;;;0;0;
America;El Salvador;2020;6,5;0;0;0;0;0;0;0;11;11;0;0;0;0;0;0;0;0;0;0;0
Europe;Greece;2020;10,4;48;48;0;46;46;0;86;89;175;32;0;0;32;9;3;0;3;0;0;0
America;Brazil;2020;212,6;3027;3027;0;2708;2708;0;4385;445;4830;1933;1;141;2075;308;65;0;65;148;108;1
America;Peru;2020;33;17;17;0;15;15;0;29;20;49;11;0;6;17;2;1;0;1;0;0;0
Western Pacific;Australia;2020;25,5;463;325;138;440;312;128;704;181;885;276;0;1;277;148;158;0;158;47;46;1
Europe;Bosnia and Herzegovina;2020;3,3;1;1;0;1;1;0;2;2;4;1;0;0;1;0;0;0;0;0;0;0
Western Pacific;New Zealand;2020;4,8;64;56;8;60;52;8;100;87;187;52;0;3;55;13;23;0;23;3;3;0
Europe;Serbia;2020;8,7;3;3;0;3;3;0;6;0;6;3;0;0;3;1;0;0;0;0;0;0
Europe;Switzerland;2020;8,7;146;96;50;136;95;41;217;79;296;131;1;3;135;45;44;0;44;15;14;1
Europe;Türkiye ;2020;84,3;172;172;0;148;148;0;249;2249;2498;129;2;1189;1320;21;11;0;11;1;0;2
Europe;Romania;2020;19,2;66;66;0;66;66;0;120;54;174;53;0;9;62;4;1;0;1;0;0;0
Europe;Slovakia;2020;5,5;70;70;0;67;67;0;113;18;131;19;0;0;19;27;0;0;0;0;0;0
America;Venezuela (Bolivarian Republic of);2020;28,4;0;0;0;0;0;0;0;3;3;0;0;0;0;0;0;0;0;0;0;0
America;Ecuador;2020;17,6;29;29;0;28;28;0;51;6;57;9;0;0;9;0;0;0;0;0;0;0
Europe;Russian Federation;2020;145,9;572;553;19;564;547;17;967;157;1124;390;0;169;559;251;11;11;11;16;16;1
Europe;Ireland;2020;4,9;63;56;7;60;53;7;95;28;123;37;0;0;37;9;16;0;16;5;3;0
Europe;Albania;2020;2,9;0;0;0;0;0;0;0;7;7;0;0;0;0;0;0;0;0;0;0;0
South-East Asia;Bangladesh;2020;164,7;0;0;0;0;0;0;0;155;155;0;0;0;0;0;0;0;0;0;0;0
Africa;Kenya;2020;53,8;0;0;0;0;0;0;0;142;142;0;0;0;0;0;0;0;0;0;0;0
Eastern Mediterranean;Kuwait;2020;4,3;14;14;0;14;14;0;24;37;61;2;0;0;2;0;0;0;0;0;;0
Western Pacific;Mongolia;2020;3,3;5;5;0;5;5;0;6;23;29;4;0;28;32;0;0;0;0;0;0;0
Africa;Algeria;2020;43,9;0;0;0;0;0;0;0;91;91;0;0;2;2;0;0;0;0;0;0;0
Eastern Mediterranean;Oman;2020;5,1;0;0;0;0;0;0;0;0;0;0;0;0;0;0;0;0;0;0;0;0
Eastern Mediterranean;Pakistan;2020;220,9;0;0;0;0;0;0;0;129;129;0;0;60;60;0;0;0;0;0;0;0
Eastern Mediterranean;Qatar;2020;2,9;2;2;0;2;2;0;4;13;17;1;0;0;1;0;0;0;0;0;0;0
Eastern Mediterranean;Sudan;2020;43,8;0;0;0;0;0;0;0;139;139;0;0;0;0;0;0;0;0;0;0;0
Western Pacific;China;2020;1,447.40;5222;2315;2907;5185;2303;2882;9399;1638;11037;4954;14;874;5842;557;513;0;513;;;
Eastern Mediterranean;Syrian Arab Republic;2020;17,5;0;0;0;0;0;0;0;211;211;0;0;0;0;0;0;0;0;0;0;0
America;Trinidad and Tobago;2020;1,4;2;2;0;2;2;0;4;6;10;0;0;0;0;0;0;0;0;0;0;0
Eastern Mediterranean;United Arab Emirates;2020;9,9;9;9;0;9;9;0;16;45;61;5;0;6;11;2;1;0;1;1;1;0
Africa;Ethiopia;2020;115;0;0;0;0;0;0;0;8;8;0;0;0;0;0;0;0;0;0;0;0
South-East Asia;Thailand;2020;69,8;315;315;0;304;304;0;578;134;712;94;0;31;125;33;1;0;1;1;1;0
Western Pacific;Malaysia;2020;32,4;28;28;0;27;27;0;41;112;153;17;0;11;28;1;1;0;1;0;0;0
Western Pacific;Japan;2020;126,5;77;68;9;77;68;9;141;1556;1697;63;1;316;380;54;58;17;75;28;24;3
America;Bolivia (Plurinational State of);2020;11,7;0;0;0;0;0;0;0;10;10;0;0;0;0;0;0;0;0;0;0;0
America;Cuba;2020;11,3;51;51;0;51;51;0;55;9;64;0;0;2;2;0;0;0;0;0;0;0
America;Guatemala;2020;17,9;0;0;0;0;0;0;0;29;29;0;0;0;0;;;;;;;
Eastern Mediterranean;Saudi Arabia;2020;34,8;65;65;0;63;63;0;70;477;547;51;;193;244;28;20;0;20;2;2;1
Eastern Mediterranean;Iran (Islamic Republic of);2020;84;645;645;0;;;;820;420;1240;;;;606;67;;;3;23;;6
America;Colombia;2020;50,9;222;222;0;219;219;0;406;120;526;128;0;71;199;67;12;0;12;5;4;0
America;Canada;2020;37,7;734;538;196;734;538;196;1122;396;1518;474;;91;565;188;325;0;325;57;42;6
South-East Asia;India;2020;1,380.00;351;347;4;348;344;4;516;4970;5486;291;2;1487;1780;89;67;0;67;14;12;7
America;Chile;2020;19,1;141;141;0;132;132;0;212;21;233;104;0;23;127;17;20;0;20;5;5;0
Africa;Nigeria;2020;206,1;0;0;0;0;0;0;0;164;164;0;0;0;0;0;0;0;0;0;0;0
Africa;United Republic of Tanzania;2020;59,7;0;0;0;0;0;0;0;8;8;0;0;0;0;0;0;0;0;0;0;0
Western Pacific;Singapore;2020;5,9;12;11;1;12;11;1;15;31;46;11;0;8;19;3;2;0;2;0;0;0
Western Pacific;Republic of Korea;2020;51,3;478;478;0;478;478;0;848;1432;2280;395;;1147;1542;173;150;0;150;32;0;1
South-East Asia;Sri Lanka;2020;21,4;98;98;0;98;98;0;98;210;308;11;0;0;11;0;0;0;0;0;0;0
Eastern Mediterranean;Jordan;2020;10,2;1;1;0;1;1;0;1;101;102;1;0;5;6;1;;;;;;
Eastern Mediterranean;Morocco;2020;36,9;5;5;0;5;5;0;5;8;13;0;0;0;0;0;0;0;0;0;0;0
Western Pacific;Philippines;2020;109,6;6;6;0;6;6;0;12;120;132;0;0;0;0;0;0;0;0;0;0;0
Europe;Kazakhstan;2020;18,8;2;2;0;2;2;0;4;73;77;1;0;28;29;2;2;0;2;0;0;0
Europe;Monaco;2020;0;0;0;0;0;0;0;0;0;0;0;0;0;0;0;0;0;0;0;0;0
Western Pacific;Malaysia;2021;32,8;7;7;0;7;7;0;15;63;78;7;0;8;15;0;0;0;0;0;0;0
Eastern Mediterranean;Kuwait;2021;4,3;25;25;0;25;25;0;39;48;87;0;0;0;0;0;0;0;0;0;0;0
Western Pacific;Mongolia;2021;3,3;7;7;0;7;7;0;8;14;22;7;0;37;44;0;0;0;0;0;0;0
South-East Asia;Bangladesh;2021;166,3;0;0;0;0;0;0;0;228;228;0;0;0;0;0;0;0;0;0;0;0
Africa;Kenya;2021;55;0;0;0;0;0;0;0;160;160;0;0;0;0;0;0;0;0;0;0;0
America;Chile;2021;19,2;147;147;0;136;136;0;192;54;246;110;;15;125;28;22;0;22;3;3;0
America;Costa Rica;2021;5,1;17;17;0;16;16;0;16;14;30;15;0;5;20;1;2;0;2;0;0;0
America;Dominican Republic;2021;11;9;9;0;8;8;0;16;29;45;1;0;0;1;0;0;0;0;0;0;0
America;El Salvador;2021;6,5;0;0;0;0;0;0;0;27;27;0;0;0;0;0;0;0;0;0;0;0
America;Honduras;2021;10,1;0;0;0;0;0;0;0;1;1;0;0;0;0;0;0;0;0;0;0;0
America;Mexico;2021;130,3;260;260;0;257;257;0;475;1499;1974;124;0;11;135;26;6;0;6;0;0;0
America;Paraguay;2021;7,2;15;15;0;15;15;0;24;9;33;0;0;0;0;5;0;0;0;0;0;0
America;Uruguay;2021;3,5;43;43;0;42;42;0;78;14;92;20;0;0;20;7;2;0;2;0;0;0
Europe;Armenia;2021;3;0;0;0;0;0;0;0;16;16;0;0;2;2;0;0;0;0;0;0;0
Europe;Belarus;2021;9,4;218;218;0;211;211;0;328;8;336;87;0;4;91;48;6;0;6;2;2;0
Eastern Mediterranean;Oman;2021;5,2;0;0;0;0;0;0;0;0;0;0;0;2;2;0;0;0;0;0;0;0
Eastern Mediterranean;Qatar;2021;2,9;11;11;0;11;11;0;17;31;48;6;0;0;6;0;1;0;1;0;0;0
America;Trinidad and Tobago;2021;1,4;0;0;0;0;0;0;0;3;3;0;0;0;0;0;0;0;0;0;0;0
Europe;Georgia;2021;4;0;0;0;0;0;0;0;22;22;0;0;15;15;0;0;0;0;0;0;0
Europe;Iceland;2021;0,3;11;11;0;11;11;0;7;2;9;0;0;0;0;0;0;0;0;0;0;0
Europe;Israel;2021;8,8;92;89;3;91;88;3;149;327;476;87;;9;96;24;55;0;55;3;3;0
Europe;Republic of Moldova;2021;4;0;0;0;0;0;0;0;0;0;0;0;4;4;0;;;;;;
Western Pacific;China;2021;1,452.50;5272;3285;1987;5243;3268;1975;9577;2462;12039;5011;12;811;5834;738;775;0;775;;;
Eastern Mediterranean;Saudi Arabia;2021;35,3;102;102;0;102;102;0;91;953;1044;56;;355;411;48;32;0;32;3;3;0
Eastern Mediterranean;Syrian Arab Republic;2021;18,3;0;0;0;0;0;0;0;315;315;0;0;0;0;0;0;0;0;0;0;0
South-East Asia;Thailand;2021;70;190;190;0;184;184;0;351;81;432;57;0;32;89;24;1;0;1;1;0;1
Eastern Mediterranean;United Arab Emirates;2021;10;39;39;0;39;39;0;66;64;130;36;0;10;46;3;0;0;0;5;5;0
Europe;Norway;2021;5,5;96;96;0;95;95;0;164;67;231;97;0;1;98;23;24;0;24;5;4;
Europe;Serbia;2021;8,7;3;3;0;3;3;0;5;0;5;3;0;0;3;1;0;0;0;0;0;0
Europe;Switzerland;2021;8,7;166;109;57;161;108;53;240;122;362;148;1;2;151;33;42;0;42;15;12;1
America;United States of America;2021;332,9;13863;9673;4190;12402;9108;3294;19519;5971;25490;8667;2;567;9236;3863;2569;0;2569;963;820;96
America;Argentina;2021;45,6;630;630;0;571;571;0;1016;221;1237;397;1;40;438;114;37;0;37;39;36;1
America;Brazil;2021;214;2937;2937;0;2616;2616;0;4222;337;4559;1893;1;50;1944;334;84;0;84;162;117;5
Europe;Germany;2021;83,9;933;933;0;900;900;0;1517;475;1992;780;0;54;834;329;283;0;283;65;53;5
Europe;Austria;2021;9;182;173;9;168;162;6;264;42;306;150;0;9;159;59;123;0;123;14;13;1
Europe;Belgium;2021;11,6;312;177;135;280;159;121;358;59;417;247;0;21;268;52;94;0;94;8;7;0
Europe;Bulgaria;2021;6,9;17;17;0;14;14;0;19;14;33;13;0;0;13;2;0;0;0;0;0;0
Europe;Cyprus;2021;1,2;5;5;0;5;5;0;9;10;19;;;;;;;;;0;0;
Europe;Estonia;2021;1,3;21;21;0;21;21;0;45;3;48;4;0;0;4;;2;0;2;1;1;
Europe;Finland;2021;5,5;122;118;4;119;115;4;222;46;268;75;0;0;75;22;24;0;24;31;30;0
Europe;France;2021;65,4;1614;1392;222;1589;1373;216;2750;502;3252;1204;1;20;1225;415;322;0;322;67;64;1
Europe;Greece;2021;10,4;52;52;0;45;45;0;84;91;175;24;0;0;24;13;5;0;5;0;0;0
Europe;Hungary;2021;9,6;102;102;0;101;101;0;160;34;194;59;0;0;59;34;14;0;14;4;4;0
Europe;Ireland;2021;5;65;57;8;62;54;8;104;35;139;35;0;0;35;10;20;0;20;2;2;0
Europe;Latvia;2021;1,9;17;17;0;16;16;0;26;2;28;1;0;0;1;2;0;0;0;0;0;0
Europe;Lithuania;2021;2,7;51;47;4;51;47;4;94;8;102;22;0;;22;6;1;0;1;1;1;
Europe;Luxembourg;2021;0,6;2;2;0;2;2;0;;;;;;;;;;;;;;
Europe;Malta;2021;0,4;3;3;0;3;3;0;3;0;3;0;0;0;0;0;0;0;0;0;0;0
Europe;Poland;2021;37,8;396;396;0;386;386;0;726;44;770;277;0;20;297;200;68;0;68;20;17;0
Europe;Portugal;2021;10,2;302;285;17;288;274;14;393;36;429;201;1;0;202;49;34;;34;22;21;
Europe;Netherlands;2021;17,2;273;99;174;271;99;172;464;452;916;152;1;28;181;44;92;0;92;14;13;
Europe;Romania;2021;19,1;47;47;0;47;47;0;88;68;156;42;0;11;53;3;1;0;1;0;0;
Europe;Sweden;2021;10,2;197;170;27;192;165;27;327;118;445;169;0;1;170;66;51;0;51;13;9;2
Europe;United Kingdom;2021;68,2;1350;786;564;1267;756;511;2184;733;2917;800;0;21;821;169;105;0;105;137;110;24
Europe;Croatia;2021;4,1;121;121;0;112;112;0;119;5;124;104;0;0;104;34;9;0;9;6;6;0
Europe;Czech Republic;2021;10,7;268;255;13;242;232;10;414;42;456;185;1;0;186;74;52;0;52;39;29;3
Europe;Denmark;2021;5,8;105;105;0;101;101;0;184;68;252;49;0;1;50;24;22;0;22;4;3;
Europe;Slovakia;2021;5,5;60;60;0;55;55;0;97;18;115;26;0;0;26;17;0;0;0;0;0;0
Europe;Slovenia;2021;2,1;41;41;0;39;39;0;51;1;52;21;0;0;21;17;15;0;15;0;0;0
Europe;Spain;2021;46,7;1905;1243;662;1690;1108;582;2627;323;2950;1077;0;1;1078;302;362;0;362;82;69;7
Western Pacific;Japan;2021;126,1;78;66;12;76;64;12;125;1647;1772;60;0;361;421;59;74;19;93;23;23;2
Europe;Italy;2021;60,4;1458;1365;93;1387;1307;80;1702;341;2043;1359;1;36;1396;252;117;0;117;54;40;0
Western Pacific;Australia;2021;25,8;421;297;124;402;290;112;656;202;858;253;0;1;254;112;171;0;171;37;32;2
Europe;Bosnia and Herzegovina;2021;3,3;1;1;0;1;1;0;2;8;10;1;0;0;1;0;0;0;0;0;0;0
America;Canada;2021;38,1;734;502;232;734;502;232;1171;502;1673;496;;93;589;142;352;0;352;53;43;5
Western Pacific;New Zealand;2021;4,9;66;60;6;63;59;4;102;85;187;51;0;2;53;14;26;0;26;6;5;0
Europe;Türkiye ;2021;85;305;305;0;165;165;;298;3077;3375;141;2;1387;1528;24;21;0;21;0;0;2
America;Bolivia (Plurinational State of);2021;11,8;0;0;0;0;0;0;0;35;35;0;0;1;1;;;;;;;
Eastern Mediterranean;Pakistan;2021;225,2;0;0;0;0;0;0;0;1003;1003;0;0;131;131;0;0;0;0;0;0;0
Eastern Mediterranean;Iran (Islamic Republic of);2021;85;979;979;0;925;925;0;1095;682;1777;754;0;100;854;141;10;0;10;50;44;9
America;Colombia;2021;51,3;268;268;0;262;262;0;478;145;623;160;0;69;229;69;21;0;21;13;12;1
Eastern Mediterranean;Sudan;2021;44,9;0;0;0;0;0;0;0;205;205;0;0;0;0;0;0;0;0;0;0;0
America;Cuba;2021;11,3;0;0;0;0;0;0;0;0;0;0;0;0;0;0;0;0;0;0;0;0
Europe;Kazakhstan;2021;19;4;4;0;4;4;0;5;124;129;3;0;37;40;2;0;0;0;0;0;0
America;Ecuador;2021;17,9;47;47;0;47;47;0;77;10;87;27;0;0;27;3;0;0;0;0;0;0
America;Panama;2021;4,4;0;0;0;0;0;0;0;8;8;0;0;0;0;0;0;0;0;0;0;0
America;Guatemala;2021;18,2;1;1;0;1;1;0;2;15;17;0;0;0;0;0;0;0;0;0;0;0
Africa;Ethiopia;2021;117,9;0;0;0;0;0;0;0;0;0;0;0;0;0;0;0;0;0;0;0;0
South-East Asia;India;2021;1,393.40;552;552;0;541;541;0;830;8275;9105;482;2;2363;2847;151;133;0;133;19;18;4
America;Peru;2021;33,4;23;23;0;21;21;0;31;18;49;16;1;6;23;7;1;0;1;1;1;
Europe;Albania;2021;2,9;;;;;;;;21;21;;;;;;;;;;;
Western Pacific;Singapore;2021;5,9;15;13;2;15;13;2;24;47;71;12;0;11;23;2;1;0;1;1;1;0
America;Jamaica;2021;3;0;0;0;0;0;0;;0;0;0;0;2;2;0;0;0;0;0;0;0
Eastern Mediterranean;Libyan Arab Jamahiriya;2021;7;0;0;0;0;0;0;0;7;7;0;0;0;0;0;0;0;0;0;0;0
Western Pacific;Philippines;2021;111;3;3;0;3;3;0;6;256;262;0;0;0;0;0;0;0;0;0;0;0
Eastern Mediterranean;Jordan;2021;10,3;2;2;0;2;2;0;4;197;201;2;0;3;5;0;;;;;;
South-East Asia;Sri Lanka;2021;21,5;34;34;0;34;34;0;66;172;238;19;0;3;22;0;0;0;0;0;0;0
Eastern Mediterranean;Morocco;2021;37,3;0;0;0;0;0;0;0;12;12;0;0;0;0;0;0;0;0;0;0;0
America;Nicaragua;2021;6,7;;;;;;;0;3;3;;;;;;;;;;;
Africa;Nigeria;2021;211,4;0;0;0;0;0;0;0;199;199;0;0;0;0;0;0;0;0;0;0;0
Western Pacific;Republic of Korea;2021;51,3;442;442;0;442;442;0;747;1480;2227;357;;1157;1514;168;167;0;167;37;13;
Eastern Mediterranean;Qatar;2022;3;10;10;0;10;10;0;16;37;53;5;0;3;8;0;2;0;2;0;0;0
South-East Asia;Thailand;2022;70,1;303;303;0;291;291;0;547;175;722;105;0;42;147;31;0;0;0;4;3;0
Eastern Mediterranean;Oman;2022;5,3;1;1;0;1;1;0;2;9;11;0;0;10;10;0;0;0;0;0;0;0
Europe;Albania;2022;2,9;0;0;0;0;0;0;0;13;13;0;0;0;0;0;0;0;0;0;0;0
America;Jamaica;2022;3;0;0;0;0;0;0;0;2;2;0;0;3;3;0;0;0;0;0;0;0
Western Pacific;Japan;2022;125,6;108;93;15;108;93;15;198;1458;1656;86;0;336;422;79;94;14;108;30;27;5
Western Pacific;Mongolia;2022;3,4;3;3;0;2;2;0;4;36;40;2;0;73;75;0;0;0;0;0;0;0
Eastern Mediterranean;Saudi Arabia;2022;35,8;118;118;0;112;112;0;138;1022;1160;66;0;374;440;41;38;0;38;14;10;5
Eastern Mediterranean;Syrian Arab Republic;2022;19,4;0;0;0;0;0;0;0;329;329;0;0;0;0;0;0;0;0;0;0;0
South-East Asia;Bangladesh;2022;167,9;0;0;0;0;0;0;0;269;269;0;0;0;0;0;0;0;0;0;0;0
Africa;Ethiopia;2022;120,8;0;0;0;0;0;0;0;9;9;0;0;0;0;0;0;0;0;0;0;0
Europe;Kazakhstan;2022;19,2;4;4;0;4;4;0;7;169;176;2;0;41;43;4;3;0;3;0;0;0
Western Pacific;China;2022;1,456.80;5628;3756;1872;5594;3738;1856;10187;2525;12712;5299;5;749;6053;710;798;0;798;45;45;15
Eastern Mediterranean;Kuwait;2022;4,4;32;32;0;30;30;0;49;50;99;0;0;0;0;1;0;0;0;0;0;0
Africa;Kenya;2022;56,2;0;0;0;0;0;0;0;55;55;0;0;0;0;0;0;0;0;0;0;0
Europe;Germany;2022;83,9;869;869;0;842;842;0;1431;535;1966;706;1;41;748;356;254;0;254;44;38;2
Europe;Belgium;2022;11,7;342;191;151;342;191;151;423;55;478;269;0;28;297;63;95;0;95;22;13;2
Europe;Bulgaria;2022;6,8;14;14;0;14;14;0;11;1;12;6;0;0;6;2;0;0;0;0;0;0
Europe;Cyprus;2022;1,2;4;4;0;4;4;0;8;8;16;;;;;;;;;0;0;
Europe;Croatia;2022;4,1;95;95;0;91;91;0;102;10;112;89;0;0;89;38;10;0;10;6;6;1
Europe;Denmark;2022;5,8;84;84;0;82;82;0;164;78;242;46;0;0;46;27;23;0;23;3;3;
Europe;Estonia;2022;1,3;25;25;0;25;25;0;30;4;34;9;0;0;9;;3;0;3;4;4;
Europe;Finland;2022;5,6;114;104;10;113;103;10;208;42;250;62;0;0;62;19;20;0;20;20;19;0
Europe;France;2022;65,6;1694;1459;235;1660;1428;232;2863;514;3377;1269;3;25;1294;419;342;0;342;70;68;1
Europe;Hungary;2022;9,6;122;122;0;119;119;0;190;56;246;67;0;0;67;40;12;0;12;4;4;0
Europe;Ireland;2022;5;86;73;13;82;69;13;130;33;163;51;0;0;51;10;18;0;18;8;8;0
Europe;Italy;2022;60,3;1509;1366;143;1460;1326;131;1697;336;2033;1445;2;32;1479;253;139;0;139;38;32;1
Europe;Luxembourg;2022;0,6;8;8;0;8;8;0;0;0;0;0;0;0;0;0;0;0;0;0;0;0
Europe;Netherlands;2022;17,2;293;120;173;285;120;165;492;516;1008;185;0;26;211;51;122;0;122;26;21;1
Europe;Poland;2022;37,7;445;445;0;436;436;0;801;73;874;334;0;28;362;173;93;0;93;18;18;0
Europe;Czech Republic;2022;10,7;298;277;21;266;246;20;480;40;520;171;1;8;180;81;54;0;54;31;26;1
Europe;Slovenia;2022;2,1;54;54;0;49;49;0;51;2;53;18;0;0;18;29;10;0;10;1;1;
Europe;Spain;2022;46,7;2196;1283;913;1949;1139;810;3054;350;3404;1154;0;5;1159;311;415;0;415;92;75;4
Europe;Sweden;2022;10,2;213;166;47;206;159;47;366;99;465;166;0;0;166;55;50;0;50;18;16;1
Europe;Austria;2022;9,1;222;203;19;198;184;14;281;55;336;167;0;2;169;62;102;0;102;18;17;0
Europe;Georgia;2022;4;0;0;0;0;0;0;0;34;34;0;0;11;11;0;0;0;0;0;0;0
Europe;Iceland;2022;0,3;10;10;0;10;10;0;5;3;8;;;;;;;;;;;
Europe;Republic of Moldova;2022;4;3;3;0;3;3;0;3;0;3;3;0;4;7;;;;;;;
Europe;Norway;2022;5,5;111;104;7;109;103;6;186;43;229;91;0;1;92;30;31;0;31;4;3;
Europe;Serbia;2022;8,7;2;2;0;2;2;0;2;16;18;0;0;0;0;0;0;0;0;0;0;0
Europe;United Kingdom;2022;68,5;1413;767;646;1345;745;600;2338;854;3192;890;5;27;922;202;95;0;95;146;120;24
Europe;Armenia;2022;3;0;0;0;0;0;0;0;22;22;0;0;2;2;0;0;0;0;0;0;0
Eastern Mediterranean;Afghanistan;2022;40,8;0;0;0;0;0;0;0;132;132;0;0;0;0;0;0;0;0;0;0;0
America;Brazil;2022;215,4;3266;3266;0;2897;2897;0;4611;418;5029;1988;0;61;2049;362;106;0;106;133;112;
America;Chile;2022;19,3;171;171;0;163;163;0;253;73;326;133;0;23;156;40;30;0;30;9;8;0
America;Costa Rica;2022;5,2;27;27;0;27;27;0;37;29;66;20;0;2;22;4;4;0;4;0;0;0
America;Dominican Republic;2022;11,1;10;10;0;10;10;0;19;42;61;1;0;0;1;0;0;0;0;0;0;0
America;El Salvador;2022;6,6;0;0;0;0;0;0;0;35;35;0;0;0;0;0;0;0;0;0;0;0
America;Ecuador;2022;18,1;91;91;0;85;85;0;149;2;151;28;0;0;28;13;0;0;0;0;0;0
America;Mexico;2022;131,6;398;398;0;392;392;0;725;1988;2713;218;0;20;238;42;11;0;11;2;;0
America;Panama;2022;4,4;18;18;0;18;18;0;18;17;35;10;0;0;10;1;0;0;0;0;0;0
America;Paraguay;2022;7,3;15;15;0;15;15;0;26;6;32;0;0;0;0;6;0;0;0;0;0;0
America;Colombia;2022;51,5;332;332;0;331;331;0;607;234;841;173;0;75;248;81;27;0;27;13;13;0
America;Uruguay;2022;3,5;75;75;0;73;73;0;143;7;150;25;0;0;25;8;4;0;4;0;0;0
America;Argentina;2022;46;767;760;7;689;682;7;1175;259;1434;384;0;59;443;110;33;0;33;36;34;1
Europe;Romania;2022;19;85;85;0;85;85;0;157;73;230;71;0;4;75;7;2;0;2;0;0;0
Europe;Israel;2022;8,9;102;99;3;99;98;1;149;319;468;91;1;7;99;32;61;0;61;3;3;0
America;Barbados;2022;0,3;0;0;0;0;0;0;0;1;1;0;0;0;0;0;0;0;0;0;0;0
Eastern Mediterranean;Libyan Arab Jamahiriya;2022;7;0;0;0;0;0;0;0;18;18;0;0;0;0;0;0;0;0;0;0;0
Africa;Nigeria;2022;216,7;0;0;0;0;0;0;0;222;222;0;0;0;0;0;0;0;0;0;0;0
Eastern Mediterranean;Pakistan;2022;229,5;0;0;0;0;0;0;0;1709;1709;0;0;401;401;0;0;0;0;0;0;0
Western Pacific;Philippines;2022;112,5;20;20;0;20;20;0;37;553;590;1;0;0;1;0;0;0;0;0;0;0
Western Pacific;Republic of Korea;2022;51,3;405;405;0;405;405;0;677;1357;2034;342;0;1086;1428;167;136;0;136;31;15;1
Eastern Mediterranean;Tunisia;2022;12;19;19;0;19;19;0;32;39;71;7;0;1;8;12;0;0;0;0;0;0
Europe;Greece;2022;10,3;69;69;0;66;66;0;104;83;187;36;0;0;36;12;11;0;11;0;0;0
Europe;Latvia;2022;1,8;24;24;0;22;22;0;40;3;43;3;0;0;3;2;0;0;0;0;0;0
Europe;Lithuania;2022;2,7;46;45;1;45;44;1;77;5;82;32;0;0;32;9;1;0;1;1;1;
Europe;Malta;2022;0,4;5;5;0;5;5;0;10;4;14;0;0;0;0;0;0;0;0;0;0;0
Europe;Portugal;2022;10,1;318;290;28;277;258;19;437;58;495;201;1;0;202;37;39;;39;25;24;
Europe;Slovakia;2022;5,5;71;71;0;69;69;0;124;30;154;43;0;0;43;20;0;0;0;0;0;
Western Pacific;Australia;2022;26,1;454;337;117;433;325;108;715;226;941;260;0;0;260;117;142;0;142;47;42;2
Europe;Belarus;2022;9,4;241;241;0;235;235;0;343;5;348;92;0;4;96;37;6;0;6;0;0;0
Europe;Bosnia and Herzegovina;2022;3,2;0;0;0;0;0;0;0;8;8;0;0;0;0;0;0;0;0;0;0;0
America;Canada;2022;38,4;;;;823;561;262;1310;485;1795;508;;91;599;153;352;0;352;60;44;7
Western Pacific;New Zealand;2022;4,9;63;53;10;59;50;9;104;70;174;53;1;0;54;15;15;0;15;5;5;0
Europe;Switzerland;2022;8,8;164;91;73;157;89;68;231;111;342;137;0;5;142;35;51;0;51;9;8;0
Europe;Türkiye ;2022;85,6;289;289;0;176;176;0;281;3340;3621;148;10;1462;1610;26;11;0;11;0;0;2
America;United States of America;2022;334,8;14905;10127;4778;13104;9499;3605;20446;5864;26310;8925;6;597;9528;4162;2743;0;2743;918;810;82
Europe;Republic of North Macedonia;2022;2,1;5;5;0;5;5;0;10;12;22;1;0;0;2;2;0;0;0;0;0;0
America;Bolivia (Plurinational State of);2022;12;0;0;0;0;0;0;0;50;50;0;0;1;;;;;;;;
Eastern Mediterranean;Iran (Islamic Republic of);2022;86;1016;1016;0;1000;1000;0;1247;1184;2431;810;0;83;893;130;9;0;9;38;33;9
America;Cuba;2022;11,3;5;5;0;5;5;0;5;6;11;0;0;1;1;0;0;0;0;0;0;0
America;Honduras;2022;10,2;0;0;0;0;0;0;0;4;4;0;0;0;0;0;0;0;0;0;0;0
South-East Asia;India;2022;1,406.60;941;941;0;920;920;0;1541;10164;11705;737;9;3174;3920;243;144;0;144;26;22;3
America;Peru;2022;33,7;42;42;0;41;41;0;81;49;130;31;0;5;36;14;3;0;3;0;0;0
America;Guatemala;2022;18,6;0;0;0;0;0;0;0;9;9;0;0;0;0;0;0;0;0;0;0;0
Eastern Mediterranean;United Arab Emirates;2022;10,1;55;55;0;55;55;0;80;72;152;55;0;2;57;0;6;0;6;4;3;
Western Pacific;Singapore;2022;5,9;21;21;0;21;21;0;22;50;72;16;0;16;32;2;0;0;0;0;0;0
Eastern Mediterranean;Jordan;2022;10,3;0;0;0;0;0;0;0;199;199;0;0;0;0;0;;;;;;
Europe;Azerbaijan;2022;10,3;0;0;0;0;0;0;0;31;31;0;0;10;10;0;0;0;0;0;0;0
America;Trinidad and Tobago;2022;1,4;1;1;0;1;1;0;2;9;11;0;0;0;0;0;0;0;0;0;0;0